"sample","total_reads","zero_count_percentage","deseq2_size_factor","PC1","PC2"
"BC-3_Day0_Rep1",10862897,0.00861652995105811,1.2507342373919,-6.97558653369696,-1.0635151199575
"BC-3_Day0_Rep2",12840633,0.00344661198042324,1.47015047449577,-7.36329065617094,-0.992683872126834
"BC-3_Day0_Rep3",13107532,0.0103398359412697,1.49837219429261,-8.08659171604352,-1.09594180466071
"BC-3_Day14_Rep1",16148293,0.122354725305025,1.82049595268408,4.28384388083695,2.47881704682531
"BC-3_Day14_Rep2",9256922,0.0947818294616392,1.05082028941311,3.95162230184874,2.49804883956113
"BC-3_Day14_Rep3",8487468,0.146481009167988,0.947581640905033,3.90286753586184,2.23862166412664
"BJAB_Day0_Rep1",9843680,0.0448059557455022,1.12565014341407,-8.12334036227886,-1.30908454512094
"BJAB_Day0_Rep2",11127804,0.0534224856965603,1.26872803858394,-8.17502478219094,-1.28364337969874
"BJAB_Day0_Rep3",5443133,0.0689322396084649,0.621532754094947,-8.14719829654072,-1.20484195281261
"BJAB_Day14_Rep1",5807778,4.62535327772799,0.601953278401651,15.590218785322,-13.6035487427305
"BJAB_Day14_Rep2",7265622,2.14034603984283,0.779459517036442,8.97964404664774,6.10980966877642
"BJAB_Day14_Rep3",5802970,2.72110015854415,0.620222434405345,10.1628357964047,7.22796219781833
